template_id,image_url
6a21325d75ee371aa83c42ee,https://static.carousify.com/admin-templates/6a21325d75ee371aa83c42ee/DIT_1780560467483_images
6a21325d75ee371aa83c42ee,https://static.carousify.com/admin-templates/6a21325d75ee371aa83c42ee/S8Z_1780560470343_images
6a21325d75ee371aa83c42ee,https://static.carousify.com/admin-templates/6a21325d75ee371aa83c42ee/597_1780560472307_images
6a21325d75ee371aa83c42ee,https://static.carousify.com/admin-templates/6a21325d75ee371aa83c42ee/U5I_1780560475102_images
6a21325d75ee371aa83c42ee,https://static.carousify.com/admin-templates/6a21325d75ee371aa83c42ee/C55_1780560476876_images
6a212b1c75ee371aa83bff52,https://static.carousify.com/admin-templates/6a212b1c75ee371aa83bff52/Z24_1780558605752_images
6a212b1c75ee371aa83bff52,https://static.carousify.com/admin-templates/6a212b1c75ee371aa83bff52/7HS_1780558608158_images
6a212b1c75ee371aa83bff52,https://static.carousify.com/admin-templates/6a212b1c75ee371aa83bff52/RDC_1780558609926_images
6a212b1c75ee371aa83bff52,https://static.carousify.com/admin-templates/6a212b1c75ee371aa83bff52/PGG_1780558611575_images
6a212b1c75ee371aa83bff52,https://static.carousify.com/admin-templates/6a212b1c75ee371aa83bff52/GQH_1780558613406_images
6a212b1c75ee371aa83bff52,https://static.carousify.com/admin-templates/6a212b1c75ee371aa83bff52/380_1780558615081_images
6a212b1c75ee371aa83bff52,https://static.carousify.com/admin-templates/6a212b1c75ee371aa83bff52/XCN_1780558616549_images
6a212b1c75ee371aa83bff52,https://static.carousify.com/admin-templates/6a212b1c75ee371aa83bff52/9MU_1780558618185_images
6a212b1c75ee371aa83bff52,https://static.carousify.com/admin-templates/6a212b1c75ee371aa83bff52/3IK_1780558619783_images
6a21297575ee371aa83bef53,https://static.carousify.com/admin-templates/6a21297575ee371aa83bef53/NFE_1780558188655_images
6a21297575ee371aa83bef53,https://static.carousify.com/admin-templates/6a21297575ee371aa83bef53/XW4_1780558191969_images
6a21297575ee371aa83bef53,https://static.carousify.com/admin-templates/6a21297575ee371aa83bef53/P1Q_1780558194014_images
6a21297575ee371aa83bef53,https://static.carousify.com/admin-templates/6a21297575ee371aa83bef53/DYC_1780558195419_images
6a21297575ee371aa83bef53,https://static.carousify.com/admin-templates/6a21297575ee371aa83bef53/WXY_1780558196376_images
6a2123df75ee371aa83bd157,https://static.carousify.com/admin-templates/6a2123df75ee371aa83bd157/4FP_1780556878245_images
6a2123df75ee371aa83bd157,https://static.carousify.com/admin-templates/6a2123df75ee371aa83bd157/EJM_1780556879532_images
6a2123df75ee371aa83bd157,https://static.carousify.com/admin-templates/6a2123df75ee371aa83bd157/CMA_1780556881302_images
6a2123df75ee371aa83bd157,https://static.carousify.com/admin-templates/6a2123df75ee371aa83bd157/CYY_1780556882412_images
6a2123df75ee371aa83bd157,https://static.carousify.com/admin-templates/6a2123df75ee371aa83bd157/EOX_1780556883889_images
6a1d2b0875ee371aa826e13f,https://static.carousify.com/admin-templates/6a1d2b0875ee371aa826e13f/EXD_1780296447699_images
6a1d2b0875ee371aa826e13f,https://static.carousify.com/admin-templates/6a1d2b0875ee371aa826e13f/Y3I_1780296449337_images
6a1d2b0875ee371aa826e13f,https://static.carousify.com/admin-templates/6a1d2b0875ee371aa826e13f/26U_1780296450460_images
6a1d2b0875ee371aa826e13f,https://static.carousify.com/admin-templates/6a1d2b0875ee371aa826e13f/N64_1780296451725_images
6a1d2b0875ee371aa826e13f,https://static.carousify.com/admin-templates/6a1d2b0875ee371aa826e13f/77I_1780296452625_images
6a1d2b0875ee371aa826e13f,https://static.carousify.com/admin-templates/6a1d2b0875ee371aa826e13f/MJY_1780296454269_images
6a1d2b0875ee371aa826e13f,https://static.carousify.com/admin-templates/6a1d2b0875ee371aa826e13f/4NP_1780296455472_images
6a184a61dffe74b34ab2b736,https://static.carousify.com/admin-templates/6a184a61dffe74b34ab2b736/HUW_1779976793641_images
6a184a61dffe74b34ab2b736,https://static.carousify.com/admin-templates/6a184a61dffe74b34ab2b736/7OL_1779976794707_images
6a184a61dffe74b34ab2b736,https://static.carousify.com/admin-templates/6a184a61dffe74b34ab2b736/R19_1779976795718_images
6a184a61dffe74b34ab2b736,https://static.carousify.com/admin-templates/6a184a61dffe74b34ab2b736/2XW_1779976796393_images
6a184a61dffe74b34ab2b736,https://static.carousify.com/admin-templates/6a184a61dffe74b34ab2b736/J3I_1779976797195_images
6a184a61dffe74b34ab2b736,https://static.carousify.com/admin-templates/6a184a61dffe74b34ab2b736/JU1_1779976798480_images
6a184a61dffe74b34ab2b736,https://static.carousify.com/admin-templates/6a184a61dffe74b34ab2b736/U0I_1779976799415_images
6a184a61dffe74b34ab2b736,https://static.carousify.com/admin-templates/6a184a61dffe74b34ab2b736/A9X_1779976800607_images
6a184812dffe74b34ab29fe3,https://static.carousify.com/admin-templates/6a184812dffe74b34ab29fe3/6YA_1779976205397_images
6a184812dffe74b34ab29fe3,https://static.carousify.com/admin-templates/6a184812dffe74b34ab29fe3/JFA_1779976206400_images
6a184812dffe74b34ab29fe3,https://static.carousify.com/admin-templates/6a184812dffe74b34ab29fe3/ZT0_1779976207246_images
6a184812dffe74b34ab29fe3,https://static.carousify.com/admin-templates/6a184812dffe74b34ab29fe3/M87_1779976208104_images
6a184812dffe74b34ab29fe3,https://static.carousify.com/admin-templates/6a184812dffe74b34ab29fe3/M1A_1779976209172_images
6a184812dffe74b34ab29fe3,https://static.carousify.com/admin-templates/6a184812dffe74b34ab29fe3/CA7_1779976210415_images
6a184783dffe74b34ab29d32,https://static.carousify.com/admin-templates/6a184783dffe74b34ab29d32/LYT_1779976059013_images
6a184783dffe74b34ab29d32,https://static.carousify.com/admin-templates/6a184783dffe74b34ab29d32/S3B_1779976060166_images
6a184783dffe74b34ab29d32,https://static.carousify.com/admin-templates/6a184783dffe74b34ab29d32/CMT_1779976061264_images
6a184783dffe74b34ab29d32,https://static.carousify.com/admin-templates/6a184783dffe74b34ab29d32/PXJ_1779976062172_images
6a184783dffe74b34ab29d32,https://static.carousify.com/admin-templates/6a184783dffe74b34ab29d32/JTG_1779976063237_images
6a184783dffe74b34ab29d32,https://static.carousify.com/admin-templates/6a184783dffe74b34ab29d32/EQE_1779976064366_images
6a184783dffe74b34ab29d32,https://static.carousify.com/admin-templates/6a184783dffe74b34ab29d32/QMM_1779976065408_images
6a184783dffe74b34ab29d32,https://static.carousify.com/admin-templates/6a184783dffe74b34ab29d32/69I_1779976066638_images
6a184706dffe74b34ab295e5,https://static.carousify.com/admin-templates/6a184706dffe74b34ab295e5/4WJ_1779975935637_images
6a184706dffe74b34ab295e5,https://static.carousify.com/admin-templates/6a184706dffe74b34ab295e5/SYP_1779975936484_images
6a184706dffe74b34ab295e5,https://static.carousify.com/admin-templates/6a184706dffe74b34ab295e5/ORX_1779975937307_images
6a184706dffe74b34ab295e5,https://static.carousify.com/admin-templates/6a184706dffe74b34ab295e5/OZ9_1779975938178_images
6a184706dffe74b34ab295e5,https://static.carousify.com/admin-templates/6a184706dffe74b34ab295e5/PJH_1779975939362_images
6a184706dffe74b34ab295e5,https://static.carousify.com/admin-templates/6a184706dffe74b34ab295e5/QA7_1779975940516_images
6a184706dffe74b34ab295e5,https://static.carousify.com/admin-templates/6a184706dffe74b34ab295e5/CNR_1779975941446_images
6a1845eedffe74b34ab287fa,https://static.carousify.com/admin-templates/6a1845eedffe74b34ab287fa/RYE_1779975652500_images
6a1845eedffe74b34ab287fa,https://static.carousify.com/admin-templates/6a1845eedffe74b34ab287fa/DS4_1779975654375_images
6a1845eedffe74b34ab287fa,https://static.carousify.com/admin-templates/6a1845eedffe74b34ab287fa/IG6_1779975655888_images
6a1845eedffe74b34ab287fa,https://static.carousify.com/admin-templates/6a1845eedffe74b34ab287fa/3GN_1779975656748_images
6a1845eedffe74b34ab287fa,https://static.carousify.com/admin-templates/6a1845eedffe74b34ab287fa/V9G_1779975657932_images
6a1845eedffe74b34ab287fa,https://static.carousify.com/admin-templates/6a1845eedffe74b34ab287fa/60Y_1779975659043_images
6a1845eedffe74b34ab287fa,https://static.carousify.com/admin-templates/6a1845eedffe74b34ab287fa/P1N_1779975660119_images
6a1845eedffe74b34ab287fa,https://static.carousify.com/admin-templates/6a1845eedffe74b34ab287fa/LQQ_1779975661216_images
69a132af6dfbe4bf3c855d1b,https://static.carousify.com/admin-templates/69a132af6dfbe4bf3c855d1b/C2E_1779876618734_images
69a132af6dfbe4bf3c855d1b,https://static.carousify.com/admin-templates/69a132af6dfbe4bf3c855d1b/IBZ_1779876621436_images
69a132af6dfbe4bf3c855d1b,https://static.carousify.com/admin-templates/69a132af6dfbe4bf3c855d1b/3O0_1779876622756_images
69a132af6dfbe4bf3c855d1b,https://static.carousify.com/admin-templates/69a132af6dfbe4bf3c855d1b/XZX_1779876624482_images
69a132af6dfbe4bf3c855d1b,https://static.carousify.com/admin-templates/69a132af6dfbe4bf3c855d1b/X09_1779876625962_images
69a132af6dfbe4bf3c855d1b,https://static.carousify.com/admin-templates/69a132af6dfbe4bf3c855d1b/NR9_1779876627326_images
69a132af6dfbe4bf3c855d1b,https://static.carousify.com/admin-templates/69a132af6dfbe4bf3c855d1b/2WC_1779876628626_images
69a132af6dfbe4bf3c855d1b,https://static.carousify.com/admin-templates/69a132af6dfbe4bf3c855d1b/3K9_1779876630006_images
69a132af6dfbe4bf3c855d1b,https://static.carousify.com/admin-templates/69a132af6dfbe4bf3c855d1b/NX9_1779876631544_images
69a132af6dfbe4bf3c855d1b,https://static.carousify.com/admin-templates/69a132af6dfbe4bf3c855d1b/BN1_1779876632466_images
69a136136dfbe4bf3c8560e4,https://static.carousify.com/admin-templates/69a136136dfbe4bf3c8560e4/GMH_1779875685932_images
69a136136dfbe4bf3c8560e4,https://static.carousify.com/admin-templates/69a136136dfbe4bf3c8560e4/0KW_1779875687106_images
69a136136dfbe4bf3c8560e4,https://static.carousify.com/admin-templates/69a136136dfbe4bf3c8560e4/25N_1779875688344_images
69a136136dfbe4bf3c8560e4,https://static.carousify.com/admin-templates/69a136136dfbe4bf3c8560e4/ZFB_1779875689509_images
69a136136dfbe4bf3c8560e4,https://static.carousify.com/admin-templates/69a136136dfbe4bf3c8560e4/FI5_1779875690464_images
69a136136dfbe4bf3c8560e4,https://static.carousify.com/admin-templates/69a136136dfbe4bf3c8560e4/X1W_1779875691686_images
69a136136dfbe4bf3c8560e4,https://static.carousify.com/admin-templates/69a136136dfbe4bf3c8560e4/QBN_1779875692662_images
69a136136dfbe4bf3c8560e4,https://static.carousify.com/admin-templates/69a136136dfbe4bf3c8560e4/INS_1779875693910_images
69a136136dfbe4bf3c8560e4,https://static.carousify.com/admin-templates/69a136136dfbe4bf3c8560e4/WYP_1779875695135_images
69a12d306dfbe4bf3c855838,https://static.carousify.com/admin-templates/69a12d306dfbe4bf3c855838/OU1_1779874841410_images
69a12d306dfbe4bf3c855838,https://static.carousify.com/admin-templates/69a12d306dfbe4bf3c855838/OO1_1779874842111_images
69a12d306dfbe4bf3c855838,https://static.carousify.com/admin-templates/69a12d306dfbe4bf3c855838/5MQ_1779874843034_images
69a12d306dfbe4bf3c855838,https://static.carousify.com/admin-templates/69a12d306dfbe4bf3c855838/H6F_1779874843690_images
69a12d306dfbe4bf3c855838,https://static.carousify.com/admin-templates/69a12d306dfbe4bf3c855838/BA2_1779874844442_images
69a12d306dfbe4bf3c855838,https://static.carousify.com/admin-templates/69a12d306dfbe4bf3c855838/X0Y_1779874845260_images
69a12d306dfbe4bf3c855838,https://static.carousify.com/admin-templates/69a12d306dfbe4bf3c855838/0RK_1779874846220_images
69a12d306dfbe4bf3c855838,https://static.carousify.com/admin-templates/69a12d306dfbe4bf3c855838/ERN_1779874847112_images
69a12d306dfbe4bf3c855838,https://static.carousify.com/admin-templates/69a12d306dfbe4bf3c855838/8SN_1779874848030_images
699fceeb6dfbe4bf3c8473f5,https://static.carousify.com/admin-templates/699fceeb6dfbe4bf3c8473f5/GHO_1779874468424_images
699fceeb6dfbe4bf3c8473f5,https://static.carousify.com/admin-templates/699fceeb6dfbe4bf3c8473f5/W62_1779874469724_images
699fceeb6dfbe4bf3c8473f5,https://static.carousify.com/admin-templates/699fceeb6dfbe4bf3c8473f5/ICV_1779874470862_images
699fceeb6dfbe4bf3c8473f5,https://static.carousify.com/admin-templates/699fceeb6dfbe4bf3c8473f5/7SP_1779874471841_images
699fceeb6dfbe4bf3c8473f5,https://static.carousify.com/admin-templates/699fceeb6dfbe4bf3c8473f5/WXG_1779874472885_images
699fceeb6dfbe4bf3c8473f5,https://static.carousify.com/admin-templates/699fceeb6dfbe4bf3c8473f5/ZEU_1779874474052_images
699fceeb6dfbe4bf3c8473f5,https://static.carousify.com/admin-templates/699fceeb6dfbe4bf3c8473f5/24S_1779874475187_images
699fceeb6dfbe4bf3c8473f5,https://static.carousify.com/admin-templates/699fceeb6dfbe4bf3c8473f5/T1J_1779874476206_images
6999558e4ea09be4003ac760,https://static.carousify.com/admin-templates/6999558e4ea09be4003ac760/V5W_1779864045565_images
6999558e4ea09be4003ac760,https://static.carousify.com/admin-templates/6999558e4ea09be4003ac760/FJQ_1779864046519_images
6999558e4ea09be4003ac760,https://static.carousify.com/admin-templates/6999558e4ea09be4003ac760/Q5W_1779864047887_images
6999558e4ea09be4003ac760,https://static.carousify.com/admin-templates/6999558e4ea09be4003ac760/TC0_1779864048776_images
6999558e4ea09be4003ac760,https://static.carousify.com/admin-templates/6999558e4ea09be4003ac760/VJZ_1779864049962_images
6999558e4ea09be4003ac760,https://static.carousify.com/admin-templates/6999558e4ea09be4003ac760/U7G_1779864050697_images
69a12bd46dfbe4bf3c855196,https://static.carousify.com/admin-templates/69a12bd46dfbe4bf3c855196/K6X_1779863894191_images
69a12bd46dfbe4bf3c855196,https://static.carousify.com/admin-templates/69a12bd46dfbe4bf3c855196/ZDX_1779863895265_images
69a12bd46dfbe4bf3c855196,https://static.carousify.com/admin-templates/69a12bd46dfbe4bf3c855196/LUV_1779863896300_images
69a12bd46dfbe4bf3c855196,https://static.carousify.com/admin-templates/69a12bd46dfbe4bf3c855196/1QD_1779863897336_images
69a12bd46dfbe4bf3c855196,https://static.carousify.com/admin-templates/69a12bd46dfbe4bf3c855196/UXY_1779863898298_images
69a12bd46dfbe4bf3c855196,https://static.carousify.com/admin-templates/69a12bd46dfbe4bf3c855196/BCK_1779863899350_images
69a12bd46dfbe4bf3c855196,https://static.carousify.com/admin-templates/69a12bd46dfbe4bf3c855196/MU4_1779863900174_images
69a12bd46dfbe4bf3c855196,https://static.carousify.com/admin-templates/69a12bd46dfbe4bf3c855196/ZG5_1779863901169_images
69a12bd46dfbe4bf3c855196,https://static.carousify.com/admin-templates/69a12bd46dfbe4bf3c855196/MDV_1779863902114_images
699ee9b8eaac350ba9ace9ac,https://static.carousify.com/admin-templates/699ee9b8eaac350ba9ace9ac/7A5_1779862822065_images
699ee9b8eaac350ba9ace9ac,https://static.carousify.com/admin-templates/699ee9b8eaac350ba9ace9ac/RHW_1779862823719_images
699ee9b8eaac350ba9ace9ac,https://static.carousify.com/admin-templates/699ee9b8eaac350ba9ace9ac/IPN_1779862825290_images
699ee9b8eaac350ba9ace9ac,https://static.carousify.com/admin-templates/699ee9b8eaac350ba9ace9ac/Z11_1779862826534_images
699ee9b8eaac350ba9ace9ac,https://static.carousify.com/admin-templates/699ee9b8eaac350ba9ace9ac/8AV_1779862827487_images
699ee9b8eaac350ba9ace9ac,https://static.carousify.com/admin-templates/699ee9b8eaac350ba9ace9ac/JGJ_1779862830129_images
699ee9b8eaac350ba9ace9ac,https://static.carousify.com/admin-templates/699ee9b8eaac350ba9ace9ac/YG6_1779862831726_images
699ee9b8eaac350ba9ace9ac,https://static.carousify.com/admin-templates/699ee9b8eaac350ba9ace9ac/BOP_1779862832524_images
699fd1276dfbe4bf3c8478f6,https://static.carousify.com/admin-templates/699fd1276dfbe4bf3c8478f6/0HS_1779863457997_images
699fd1276dfbe4bf3c8478f6,https://static.carousify.com/admin-templates/699fd1276dfbe4bf3c8478f6/EBH_1779863459169_images
699fd1276dfbe4bf3c8478f6,https://static.carousify.com/admin-templates/699fd1276dfbe4bf3c8478f6/WIQ_1779863460114_images
699fd1276dfbe4bf3c8478f6,https://static.carousify.com/admin-templates/699fd1276dfbe4bf3c8478f6/GD7_1779863461248_images
699fd1276dfbe4bf3c8478f6,https://static.carousify.com/admin-templates/699fd1276dfbe4bf3c8478f6/PJC_1779863462448_images
699fd1276dfbe4bf3c8478f6,https://static.carousify.com/admin-templates/699fd1276dfbe4bf3c8478f6/8GL_1779863463563_images
699fd1276dfbe4bf3c8478f6,https://static.carousify.com/admin-templates/699fd1276dfbe4bf3c8478f6/91T_1779863464678_images
699fd1276dfbe4bf3c8478f6,https://static.carousify.com/admin-templates/699fd1276dfbe4bf3c8478f6/183_1779863465912_images
699fd5306dfbe4bf3c848231,https://static.carousify.com/admin-templates/699fd5306dfbe4bf3c848231/662_1779860849462_images
699fd5306dfbe4bf3c848231,https://static.carousify.com/admin-templates/699fd5306dfbe4bf3c848231/9GI_1779860851487_images
699fd5306dfbe4bf3c848231,https://static.carousify.com/admin-templates/699fd5306dfbe4bf3c848231/L5O_1779860853867_images
699fd5306dfbe4bf3c848231,https://static.carousify.com/admin-templates/699fd5306dfbe4bf3c848231/V0P_1779860855572_images
699fd5306dfbe4bf3c848231,https://static.carousify.com/admin-templates/699fd5306dfbe4bf3c848231/1TW_1779860856691_images
699fd5306dfbe4bf3c848231,https://static.carousify.com/admin-templates/699fd5306dfbe4bf3c848231/7AY_1779860857894_images
699fd5306dfbe4bf3c848231,https://static.carousify.com/admin-templates/699fd5306dfbe4bf3c848231/AR3_1779860858863_images
699fd5306dfbe4bf3c848231,https://static.carousify.com/admin-templates/699fd5306dfbe4bf3c848231/8UH_1779860860033_images
699fd5306dfbe4bf3c848231,https://static.carousify.com/admin-templates/699fd5306dfbe4bf3c848231/Y3Q_1779860861353_images
699fd5306dfbe4bf3c848231,https://static.carousify.com/admin-templates/699fd5306dfbe4bf3c848231/CCZ_1779860862248_images
699eeb66eaac350ba9aceaef,https://static.carousify.com/admin-templates/699eeb66eaac350ba9aceaef/EL0_1779859742275_images
699eeb66eaac350ba9aceaef,https://static.carousify.com/admin-templates/699eeb66eaac350ba9aceaef/J7O_1779859743351_images
699eeb66eaac350ba9aceaef,https://static.carousify.com/admin-templates/699eeb66eaac350ba9aceaef/Y2Y_1779859744483_images
699eeb66eaac350ba9aceaef,https://static.carousify.com/admin-templates/699eeb66eaac350ba9aceaef/0OM_1779859745479_images
699eeb66eaac350ba9aceaef,https://static.carousify.com/admin-templates/699eeb66eaac350ba9aceaef/WOB_1779859746697_images
699eeb66eaac350ba9aceaef,https://static.carousify.com/admin-templates/699eeb66eaac350ba9aceaef/514_1779859747831_images
699eeb66eaac350ba9aceaef,https://static.carousify.com/admin-templates/699eeb66eaac350ba9aceaef/DW0_1779859748898_images
699eeb66eaac350ba9aceaef,https://static.carousify.com/admin-templates/699eeb66eaac350ba9aceaef/GCC_1779859749798_images
699853f1b0f052ce49701553,https://static.carousify.com/admin-templates/699853f1b0f052ce49701553/VZJ_1779859375504_images
699853f1b0f052ce49701553,https://static.carousify.com/admin-templates/699853f1b0f052ce49701553/2MK_1779859376615_images
699853f1b0f052ce49701553,https://static.carousify.com/admin-templates/699853f1b0f052ce49701553/W2Y_1779859377711_images
699853f1b0f052ce49701553,https://static.carousify.com/admin-templates/699853f1b0f052ce49701553/VKZ_1779859379400_images
699853f1b0f052ce49701553,https://static.carousify.com/admin-templates/699853f1b0f052ce49701553/K0P_1779859381269_images
699853f1b0f052ce49701553,https://static.carousify.com/admin-templates/699853f1b0f052ce49701553/8Z9_1779859383071_images
699853f1b0f052ce49701553,https://static.carousify.com/admin-templates/699853f1b0f052ce49701553/TY2_1779859384864_images
699853f1b0f052ce49701553,https://static.carousify.com/admin-templates/699853f1b0f052ce49701553/CMF_1779859385619_images
699d4ffc6dfbe4bf3c82a4e0,https://static.carousify.com/admin-templates/699d4ffc6dfbe4bf3c82a4e0/PNG_1779859336683_images
699d4ffc6dfbe4bf3c82a4e0,https://static.carousify.com/admin-templates/699d4ffc6dfbe4bf3c82a4e0/AIV_1779859337515_images
699d4ffc6dfbe4bf3c82a4e0,https://static.carousify.com/admin-templates/699d4ffc6dfbe4bf3c82a4e0/3ER_1779859338507_images
699d4ffc6dfbe4bf3c82a4e0,https://static.carousify.com/admin-templates/699d4ffc6dfbe4bf3c82a4e0/XTV_1779859339300_images
699d4ffc6dfbe4bf3c82a4e0,https://static.carousify.com/admin-templates/699d4ffc6dfbe4bf3c82a4e0/4K1_1779859340679_images
699d4ffc6dfbe4bf3c82a4e0,https://static.carousify.com/admin-templates/699d4ffc6dfbe4bf3c82a4e0/PGY_1779859341760_images
699d4ffc6dfbe4bf3c82a4e0,https://static.carousify.com/admin-templates/699d4ffc6dfbe4bf3c82a4e0/XVS_1779859342701_images
699d4ffc6dfbe4bf3c82a4e0,https://static.carousify.com/admin-templates/699d4ffc6dfbe4bf3c82a4e0/TJ8_1779859343878_images
699d4ffc6dfbe4bf3c82a4e0,https://static.carousify.com/admin-templates/699d4ffc6dfbe4bf3c82a4e0/E86_1779859344600_images
699d4ffc6dfbe4bf3c82a4e0,https://static.carousify.com/admin-templates/699d4ffc6dfbe4bf3c82a4e0/LJT_1779859345345_images
699d4ffc6dfbe4bf3c82a4e0,https://static.carousify.com/admin-templates/699d4ffc6dfbe4bf3c82a4e0/QY8_1779859346464_images
69995dca4ea09be4003b0134,https://static.carousify.com/admin-templates/69995dca4ea09be4003b0134/X87_1779859284874_images
69995dca4ea09be4003b0134,https://static.carousify.com/admin-templates/69995dca4ea09be4003b0134/N0T_1779859286068_images
69995dca4ea09be4003b0134,https://static.carousify.com/admin-templates/69995dca4ea09be4003b0134/NPI_1779859288319_images
69995dca4ea09be4003b0134,https://static.carousify.com/admin-templates/69995dca4ea09be4003b0134/JCR_1779859290051_images
69995dca4ea09be4003b0134,https://static.carousify.com/admin-templates/69995dca4ea09be4003b0134/62V_1779859291418_images
69995dca4ea09be4003b0134,https://static.carousify.com/admin-templates/69995dca4ea09be4003b0134/CUG_1779859292616_images
69995dca4ea09be4003b0134,https://static.carousify.com/admin-templates/69995dca4ea09be4003b0134/MI5_1779859293704_images
69986eabbf2aa61c6a7d038e,https://static.carousify.com/admin-templates/69986eabbf2aa61c6a7d038e/GXM_1778934503009_images
69986eabbf2aa61c6a7d038e,https://static.carousify.com/admin-templates/69986eabbf2aa61c6a7d038e/OQM_1778934504427_images
69986eabbf2aa61c6a7d038e,https://static.carousify.com/admin-templates/69986eabbf2aa61c6a7d038e/RXD_1778934505872_images
69986eabbf2aa61c6a7d038e,https://static.carousify.com/admin-templates/69986eabbf2aa61c6a7d038e/XDD_1778934506966_images
69986eabbf2aa61c6a7d038e,https://static.carousify.com/admin-templates/69986eabbf2aa61c6a7d038e/DTP_1778934508441_images
69986eabbf2aa61c6a7d038e,https://static.carousify.com/admin-templates/69986eabbf2aa61c6a7d038e/DXC_1778934509984_images
69986eabbf2aa61c6a7d038e,https://static.carousify.com/admin-templates/69986eabbf2aa61c6a7d038e/PWQ_1778934511301_images
69986eabbf2aa61c6a7d038e,https://static.carousify.com/admin-templates/69986eabbf2aa61c6a7d038e/3XA_1778934512286_images
699eecfbeaac350ba9aceb96,https://static.carousify.com/admin-templates/699eecfbeaac350ba9aceb96/OGX_1779876010367_images
699eecfbeaac350ba9aceb96,https://static.carousify.com/admin-templates/699eecfbeaac350ba9aceb96/B5U_1779876013498_images
699eecfbeaac350ba9aceb96,https://static.carousify.com/admin-templates/699eecfbeaac350ba9aceb96/OPC_1779876014798_images
699eecfbeaac350ba9aceb96,https://static.carousify.com/admin-templates/699eecfbeaac350ba9aceb96/IUW_1779876016477_images
699eecfbeaac350ba9aceb96,https://static.carousify.com/admin-templates/699eecfbeaac350ba9aceb96/1R0_1779876017702_images
699eecfbeaac350ba9aceb96,https://static.carousify.com/admin-templates/699eecfbeaac350ba9aceb96/WAV_1779876019108_images
699eecfbeaac350ba9aceb96,https://static.carousify.com/admin-templates/699eecfbeaac350ba9aceb96/D11_1779876020361_images
68679786de8ed582b468ed6d,https://static.carousify.com/admin-templates/68679786de8ed582b468ed6d/U83_1779880718513_images
68679786de8ed582b468ed6d,https://static.carousify.com/admin-templates/68679786de8ed582b468ed6d/4SN_1779880720610_images
68679786de8ed582b468ed6d,https://static.carousify.com/admin-templates/68679786de8ed582b468ed6d/T4M_1779880722204_images
68679786de8ed582b468ed6d,https://static.carousify.com/admin-templates/68679786de8ed582b468ed6d/FHN_1779880723827_images
68679786de8ed582b468ed6d,https://static.carousify.com/admin-templates/68679786de8ed582b468ed6d/V6H_1779880725361_images
68679786de8ed582b468ed6d,https://static.carousify.com/admin-templates/68679786de8ed582b468ed6d/YGZ_1779880727124_images
68679786de8ed582b468ed6d,https://static.carousify.com/admin-templates/68679786de8ed582b468ed6d/2CS_1779880729187_images
68679786de8ed582b468ed6d,https://static.carousify.com/admin-templates/68679786de8ed582b468ed6d/3DY_1779880730705_images
68679786de8ed582b468ed6d,https://static.carousify.com/admin-templates/68679786de8ed582b468ed6d/41V_1779880731687_images
68679786de8ed582b468ed6d,https://static.carousify.com/admin-templates/68679786de8ed582b468ed6d/M8N_1779880733768_images
6867d30db0b215d33c3157c0,https://static.carousify.com/admin-templates/6867d30db0b215d33c3157c0/4E3_1779878926088_images
6867d30db0b215d33c3157c0,https://static.carousify.com/admin-templates/6867d30db0b215d33c3157c0/96K_1779878927438_images
6867d30db0b215d33c3157c0,https://static.carousify.com/admin-templates/6867d30db0b215d33c3157c0/KYF_1779878928740_images
6867d30db0b215d33c3157c0,https://static.carousify.com/admin-templates/6867d30db0b215d33c3157c0/EM8_1779878930111_images
6867d30db0b215d33c3157c0,https://static.carousify.com/admin-templates/6867d30db0b215d33c3157c0/YKG_1779878931481_images
6867d30db0b215d33c3157c0,https://static.carousify.com/admin-templates/6867d30db0b215d33c3157c0/FWO_1779878932892_images
6867d30db0b215d33c3157c0,https://static.carousify.com/admin-templates/6867d30db0b215d33c3157c0/NXQ_1779878935521_images
6867d30db0b215d33c3157c0,https://static.carousify.com/admin-templates/6867d30db0b215d33c3157c0/SL8_1779878937466_images
6867d30db0b215d33c3157c0,https://static.carousify.com/admin-templates/6867d30db0b215d33c3157c0/679_1779878938855_images
6867d30db0b215d33c3157c0,https://static.carousify.com/admin-templates/6867d30db0b215d33c3157c0/6HK_1779878939835_images
689097725c01a69d9bdd2e98,https://static.carousify.com/admin-templates/689097725c01a69d9bdd2e98/NFM_1779878406085_images
689097725c01a69d9bdd2e98,https://static.carousify.com/admin-templates/689097725c01a69d9bdd2e98/R1L_1779878408928_images
689097725c01a69d9bdd2e98,https://static.carousify.com/admin-templates/689097725c01a69d9bdd2e98/6YK_1779878411041_images
689097725c01a69d9bdd2e98,https://static.carousify.com/admin-templates/689097725c01a69d9bdd2e98/XLY_1779878412406_images
689097725c01a69d9bdd2e98,https://static.carousify.com/admin-templates/689097725c01a69d9bdd2e98/7T7_1779878413388_images
689097725c01a69d9bdd2e98,https://static.carousify.com/admin-templates/689097725c01a69d9bdd2e98/W1M_1779878415723_images
689097725c01a69d9bdd2e98,https://static.carousify.com/admin-templates/689097725c01a69d9bdd2e98/NZ2_1779878417137_images
689097725c01a69d9bdd2e98,https://static.carousify.com/admin-templates/689097725c01a69d9bdd2e98/57K_1779878419157_images
686797631f5791c418089ffa,https://static.carousify.com/admin-templates/686797631f5791c418089ffa/P37_1779881448902_images
686797631f5791c418089ffa,https://static.carousify.com/admin-templates/686797631f5791c418089ffa/WMF_1779881452395_images
686797631f5791c418089ffa,https://static.carousify.com/admin-templates/686797631f5791c418089ffa/5AK_1779881454386_images
686797631f5791c418089ffa,https://static.carousify.com/admin-templates/686797631f5791c418089ffa/AVB_1779881457978_images
686797631f5791c418089ffa,https://static.carousify.com/admin-templates/686797631f5791c418089ffa/VBC_1779881459932_images
686797631f5791c418089ffa,https://static.carousify.com/admin-templates/686797631f5791c418089ffa/FK6_1779881461564_images
686797631f5791c418089ffa,https://static.carousify.com/admin-templates/686797631f5791c418089ffa/SUG_1779881463956_images
686797631f5791c418089ffa,https://static.carousify.com/admin-templates/686797631f5791c418089ffa/TKZ_1779881465030_images
686797631f5791c418089ffa,https://static.carousify.com/admin-templates/686797631f5791c418089ffa/Z0X_1779881467321_images
686797631f5791c418089ffa,https://static.carousify.com/admin-templates/686797631f5791c418089ffa/SX7_1779881468890_images
686797631f5791c418089ffa,https://static.carousify.com/admin-templates/686797631f5791c418089ffa/516_1779881470511_images
686797a46684a0ba8be071f9,https://static.carousify.com/admin-templates/686797a46684a0ba8be071f9/QLA_1779882304685_images
686797a46684a0ba8be071f9,https://static.carousify.com/admin-templates/686797a46684a0ba8be071f9/RD6_1779882305916_images
686797a46684a0ba8be071f9,https://static.carousify.com/admin-templates/686797a46684a0ba8be071f9/YC5_1779882307256_images
686797a46684a0ba8be071f9,https://static.carousify.com/admin-templates/686797a46684a0ba8be071f9/2BR_1779882308440_images
686797a46684a0ba8be071f9,https://static.carousify.com/admin-templates/686797a46684a0ba8be071f9/8NV_1779882309747_images
686797a46684a0ba8be071f9,https://static.carousify.com/admin-templates/686797a46684a0ba8be071f9/GVV_1779882311718_images
686797a46684a0ba8be071f9,https://static.carousify.com/admin-templates/686797a46684a0ba8be071f9/AIH_1779882313143_images
686797a46684a0ba8be071f9,https://static.carousify.com/admin-templates/686797a46684a0ba8be071f9/QFS_1779882314065_images
